Sex,Age interval,Education level,Access to phone,Income source,What are mangroves?,Do you know the laws about mangroves?,What text of law about the environment do you know?,Do you know what the laws say about mangroves protection?,What does the law about the environment and mangrove protection say?,What is the importance of the mangroves?,Are mangroves in danger?,Why do you believe the mangroves are in danger?,Do you know what can be done to protect the mangroves?,What can be done to protect the mangroves according to you?,What is the importance of trees according to you?,Do you have skills in tree nursery,Are you willing to be trained in tree nursery?,Are you willing to be trained in mangroves nursery?,Are you willing to learn new fishing technics?,Are you willing to use better fishing equipement to protect the baby fishes?,Do you go to fish every week of a month?,What is your average fishing income on a week?,What culture you practice the best?,What agricultural practices do you know?,"For the pass 12 months, what activities did you do in the mangroves?",When do you use to cut out the mangroves?,What equipement you use in fishing?
Male,Greater than 55,None,Yes,Animal breeding,A tree that grows in forest by the sea,Yes,Don't know,Yes,Don't cut them,Protect the reefs,Yes,Absence of government/no control of mangroves exploitation,Yes,Elaborate a plan with community management,Protect soil agains erosion,Yes,Yes,Yes,Yes,Yes,Yes,2000.0,Corn Sorgho Bean (Haricot) Pigeon pea,Soil conservation with dry walls,Fishing,July,Hook
Male,From 35 to 55,Primary school,Yes,Animal breeding,A tree that grows in forest by the sea,Yes,Don't know,Yes,Do not throw garbage in the mangroves,Growing environment for crustaceans,Yes,Absence of government/no control of mangroves exploitation,Yes,Elaborate a plan with community management,Protect soil agains erosion,Yes,Yes,Yes,Yes,Yes,Yes,1200.0,Banana tree Yam,Soil conservation with living ramp Soil conservation with dry walls,Fishing,June,pirogue Hook
Male,Greater than 55,Primary school,Yes,Animal breeding,A tree that grows in forest by the sea,Yes,Don't know,Yes,Don't cut them,Growing environment for crustaceans,Yes,Absence of government/no control of mangroves exploitation,Yes,Elaborate a plan with community management,Protect soil agains erosion,Yes,Yes,Yes,Yes,Yes,Yes,500.0,,,Fishing,June,pirogue Hook
Male,From 25 to 35,Primary school,Yes,Animal breeding,A tree that grows in forest by the sea,Yes,Don't know,Yes,Don't cut them,Growing environment for crustaceans,Yes,Absence of government/no control of mangroves exploitation,Yes,Elaborate a plan with community management,Protect soil agains erosion,Yes,Yes,Yes,Yes,Yes,No,600.0,,,Fishing,June,pirogue Hook
Male,From 25 to 35,Primary school,Yes,Animal breeding,A tree that grows in forest by the sea,Yes,Don't know,Yes,Do not throw garbage in the mangroves,Protect the reefs,Yes,Absence of government/no control of mangroves exploitation,Yes,Elaborate a plan with community management,,Yes,Yes,Yes,Yes,Yes,Yes,300.0,,,Fishing,June,pirogue Hook
Male,From 25 to 35,Primary school,Yes,Animal breeding,A tree that grows in forest by the sea,Yes,Don't know,Yes,Do not throw garbage in the mangroves,Growing environment for crustaceans,Yes,Absence of government/no control of mangroves exploitation,Yes,Elaborate a plan with community management,,Yes,,Yes,Yes,Yes,No,2000.0,,,Fishing,June,pirogue Hook
Male,From 25 to 35,High school,Yes,Animal breeding,A tree that grows in forest by the sea,Yes,Don't know,Yes,Don't cut them,Growing environment for crustaceans,Yes,Absence of government/no control of mangroves exploitation,Yes,Elaborate a plan with community management,Protect soil agains erosion,Yes,Yes,Yes,Yes,Yes,No,3000.0,,,Fishing,June,pirogue Hook
Male,From 35 to 55,Primary school,Yes,Fishing,A tree that grows in forest by the sea,No,,,,Prevent flooding Protect the reefs Growing environment for crustaceans Birds habitat It contributes to food security (thank to fishing products),Yes,Absence of government/no control of mangroves exploitation Community over-exploitation of mangroves Continuous deposition of sediments in mangroves Urbanization of mangrove areas Mangroves become a dumping ground for garbage Decrease in the sea level,Yes,Organize a management committee Elaborate a plan with community management Use mangroves areas for bee keeping Valorize mangroves forest with tourism Educate and sensitize the population on how to exploit mangroves Plant more mangroves Enforce law to protect the mangroves Soil conservation in the mountains use of fishing tools that are more durable,Protect soil agains erosion Facilitate water filtration to the ground Natural medicines Controle the earth temperature Provide oxygen Protection against flooding Wind breaker Other,Yes,Yes,Yes,Yes,Yes,Yes,4500.0,Other Peach,Other,Fishing,May September November Other,Small mesh net Hook pirogue Other
Male,Greater than 55,High school,Yes,Animal breeding,A tree that grows in forest by the sea,Yes,Don't know,Yes,Do not throw garbage in the mangroves,Birds habitat,Yes,Absence of government/no control of mangroves exploitation,Yes,Elaborate a plan with community management,Protect soil agains erosion,Yes,Yes,Yes,Yes,Yes,No,2000.0,Peanut Bean (Haricot),Soil conservation with living ramp,Fishing,June,pirogue Hook Small mesh net
Male,From 25 to 35,Primary school,Yes,Animal breeding,A tree that grows in forest by the sea,No,Don't know,No,Don't cut them,Protect the reefs,Yes,Absence of government/no control of mangroves exploitation,Yes,Valorize mangroves forest with tourism,Protect soil agains erosion,Yes,Yes,Yes,Yes,Yes,Yes,,Corn Bean (Haricot) Banana tree,Breed animals after the crops to fertilize the soil,Fishing,July,Hook
Male,From 25 to 35,High school,Yes,Agriculture Charcoal with woods of other trees,A tree that grows in forest by the sea,No,,,,It contributes to food security (thank to fishing products) Prevent flooding Protect the reefs Birds habitat,Yes,Absence of government/no control of mangroves exploitation Continuous deposition of sediments in mangroves Decrease in the sea level,Yes,Elaborate a plan with community management Organize a management committee Plant more mangroves Soil conservation in the mountains use of fishing tools that are more durable,Protect soil agains erosion Facilitate water filtration to the ground Provide food for human and animals Provide oxygen,No,Yes,Yes,Yes,Yes,Yes,5000.0,Corn Banana tree,Plowing the soil Soil conservation with dry walls Plant trees in the gardens Burn the soil with the weeds,Parking for the boats Fishing,February July Other,pirogue Small mesh net
Male,From 35 to 55,Primary school,Yes,Fishing,A tree that grows in forest by the sea,Yes,Other,Yes,Don't cut them Don't know Do not throw garbage in the mangroves,It contributes to food security (thank to fishing products) Prevent flooding Protect the reefs Birds habitat Other,Yes,Absence of government/no control of mangroves exploitation Community over-exploitation of mangroves Continuous deposition of sediments in mangroves Decrease in the sea level Mangroves become a dumping ground for garbage,Yes,Organize a management committee Elaborate a plan with community management Use mangroves areas for bee keeping Plant more mangroves Valorize mangroves forest with tourism Educate and sensitize the population on how to exploit mangroves Enforce law to protect the mangroves Soil conservation in the mountains Other,Provide food for human and animals Protect soil agains erosion Facilitate water filtration to the ground Natural medicines Provide oxygen Controle the earth temperature Protection against flooding,No,Yes,Yes,Yes,Yes,Yes,3000.0,Corn Pigeon pea Other Banana tree Melon,Cultivate seasonal crops on the mountainsides Soil conservation with dry walls Soil conservation with living ramp Irrigation canals Plant trees in the gardens Cut off trees in the garden Put organic fertilizer in the soil,Cut out living trees Cut dead trees Fishing,Other September August,pirogue Other Small mesh net
Male,From 35 to 55,Primary school,Yes,Fishing,A tree that grows in forest by the sea,No,,,,Prevent flooding Protect the reefs Birds habitat Growing environment for crustaceans Other,Yes,Absence of government/no control of mangroves exploitation Continuous deposition of sediments in mangroves Community over-exploitation of mangroves Decrease in the sea level Urbanization of mangrove areas Mangroves become a dumping ground for garbage,Yes,Elaborate a plan with community management Use mangroves areas for bee keeping Valorize mangroves forest with tourism Soil conservation in the mountains,Provide food for human and animals Facilitate water filtration to the ground Natural medicines Controle the earth temperature Provide oxygen Protection against flooding Other,No,Yes,Yes,Yes,Yes,Yes,3000.0,Other Peach,Other,Cut out living trees Cut dead trees Fishing,September November Other,pirogue Small mesh net Hook Other
Male,Less than 25,Primary school,Yes,Fishing,A tree that grows in forest by the sea,No,,,,It contributes to food security (thank to fishing products) Protect the reefs Birds habitat,Yes,Absence of government/no control of mangroves exploitation Community over-exploitation of mangroves Decrease in the sea level,Yes,Elaborate a plan with community management Organize a management committee Plant more mangroves Educate and sensitize the population on how to exploit mangroves Enforce law to protect the mangroves Other,Protect soil agains erosion Facilitate water filtration to the ground Natural medicines Controle the earth temperature Provide oxygen Protection against flooding,No,Yes,Yes,Yes,Yes,Yes,4000.0,Other Peach,Other,Cut dead trees Cut out living trees Fishing,September November Other,pirogue Small mesh net Hook Other
Male,From 25 to 35,Primary school,Yes,Fishing,A tree that grows in forest by the sea,No,,,,It contributes to food security (thank to fishing products) Protect the reefs Birds habitat Growing environment for crustaceans,Yes,Absence of government/no control of mangroves exploitation Continuous deposition of sediments in mangroves Decrease in the sea level Urbanization of mangrove areas,Yes,Organize a management committee Elaborate a plan with community management Valorize mangroves forest with tourism Educate and sensitize the population on how to exploit mangroves Enforce law to protect the mangroves,Protect soil agains erosion Facilitate water filtration to the ground Natural medicines Provide oxygen Protection against flooding Wind breaker Provide food for human and animals,No,Yes,Yes,Yes,Yes,Yes,4000.0,Other Peach,Other,Cut out living trees Cut dead trees Fishing,September November August Other,Small mesh net Hook pirogue Other
Male,From 35 to 55,Primary school,Yes,Fishing,A tree that grows in forest by the sea,No,,,,It contributes to food security (thank to fishing products) Prevent flooding Protect the reefs Birds habitat,Yes,Absence of government/no control of mangroves exploitation Community over-exploitation of mangroves Continuous deposition of sediments in mangroves Decrease in the sea level Urbanization of mangrove areas,Yes,Elaborate a plan with community management Use mangroves areas for bee keeping Valorize mangroves forest with tourism Educate and sensitize the population on how to exploit mangroves Enforce law to protect the mangroves Soil conservation in the mountains Other,Protect soil agains erosion Facilitate water filtration to the ground Provide food for human and animals Natural medicines Controle the earth temperature Provide oxygen Protection against flooding Wind breaker,No,Yes,Yes,Yes,Yes,Yes,4000.0,Other Peach,Other,Cut dead trees Cut out living trees Fishing,July September Other,Hook pirogue Small mesh net Other
Male,From 25 to 35,Primary school,Yes,Fishing,A tree that grows in forest by the sea,No,,,,Prevent flooding Protect the reefs Birds habitat Growing environment for crustaceans,Yes,Absence of government/no control of mangroves exploitation Community over-exploitation of mangroves Continuous deposition of sediments in mangroves Decrease in the sea level Mangroves become a dumping ground for garbage,Yes,Elaborate a plan with community management Organize a management committee Use mangroves areas for bee keeping Valorize mangroves forest with tourism Educate and sensitize the population on how to exploit mangroves Enforce law to protect the mangroves Soil conservation in the mountains use of fishing tools that are more durable Other,Facilitate water filtration to the ground Natural medicines Provide oxygen Protection against flooding Wind breaker,No,Yes,Yes,Yes,Yes,Yes,3500.0,Other Peach,Other,Cut out living trees Cut dead trees Fishing,June August September Other,pirogue Small mesh net Hook Other
Male,Greater than 55,Primary school,Yes,Other Agriculture Animal breeding Charcoal with woods of other trees,A tree that grows in forest by the sea,Yes,Mangroves Decree (2013),Yes,Don't know Don't cut them Do not throw garbage in the mangroves Other,It contributes to food security (thank to fishing products) Prevent flooding Birds habitat Growing environment for crustaceans Protect the reefs,Yes,Absence of government/no control of mangroves exploitation Community over-exploitation of mangroves Decrease in the sea level Urbanization of mangrove areas Continuous deposition of sediments in mangroves Mangroves become a dumping ground for garbage Other,Yes,Elaborate a plan with community management Organize a management committee Use mangroves areas for bee keeping Valorize mangroves forest with tourism Educate and sensitize the population on how to exploit mangroves Enforce law to protect the mangroves Plant more mangroves Soil conservation in the mountains,Protect soil agains erosion Don't know Provide food for human and animals Natural medicines Controle the earth temperature Provide oxygen Wind breaker Other Protection against flooding,Yes,Yes,Yes,Yes,Yes,Yes,10000.0,Corn Pigeon pea Bean (Haricot) Yam Banana tree Other Melon,Soil conservation with dry walls Irrigation canals Plant trees in the gardens Plant bamboos on the mountainsides Cut off trees in the garden Breed animals after the crops to fertilize the soil Put organic fertilizer in the soil Other,Fishing,,pirogue Small mesh net Hook Other
Male,Greater than 55,Primary school,Yes,Fishing,A tree that grows in forest by the sea,No,,,,Prevent flooding Protect the reefs Birds habitat Growing environment for crustaceans It contributes to food security (thank to fishing products),Yes,Absence of government/no control of mangroves exploitation Community over-exploitation of mangroves Continuous deposition of sediments in mangroves Decrease in the sea level Urbanization of mangrove areas,Yes,Organize a management committee Elaborate a plan with community management Use mangroves areas for bee keeping Valorize mangroves forest with tourism Enforce law to protect the mangroves Educate and sensitize the population on how to exploit mangroves Plant more mangroves Soil conservation in the mountains Other,Protect soil agains erosion Facilitate water filtration to the ground Natural medicines Controle the earth temperature Provide oxygen Protection against flooding,Yes,Yes,Yes,Yes,Yes,Yes,5000.0,Other Peach,Other,Fishing,June November September Other,pirogue Small mesh net Hook Other
Male,From 35 to 55,Primary school,Yes,Fishing Animal breeding,A tree that grows in forest by the sea,No,,,,It contributes to food security (thank to fishing products) Protect the reefs Birds habitat Growing environment for crustaceans,Yes,Absence of government/no control of mangroves exploitation Community over-exploitation of mangroves Decrease in the sea level Urbanization of mangrove areas Continuous deposition of sediments in mangroves Mangroves become a dumping ground for garbage,Yes,Organize a management committee Elaborate a plan with community management Use mangroves areas for bee keeping Valorize mangroves forest with tourism Plant more mangroves Educate and sensitize the population on how to exploit mangroves Soil conservation in the mountains,Don't know Protect soil agains erosion Provide food for human and animals Facilitate water filtration to the ground Natural medicines Controle the earth temperature Provide oxygen Protection against flooding Wind breaker,Yes,Yes,Yes,Yes,Yes,Yes,5000.0,Other Peach,Plowing the soil Soil conservation with living ramp Cut off trees in the garden Plant bamboos on the mountainsides Burn the soil with the weeds Breed animals after the crops to fertilize the soil,Fishing,April July September Other,Small mesh net pirogue Hook Other
Male,From 25 to 35,Primary school,Yes,Fishing Animal breeding,A tree that grows in forest by the sea,No,,,,Protect the reefs Prevent flooding Birds habitat Growing environment for crustaceans,Yes,Absence of government/no control of mangroves exploitation Community over-exploitation of mangroves Continuous deposition of sediments in mangroves Decrease in the sea level Urbanization of mangrove areas,Yes,Organize a management committee Elaborate a plan with community management Use mangroves areas for bee keeping Plant more mangroves Educate and sensitize the population on how to exploit mangroves Enforce law to protect the mangroves Valorize mangroves forest with tourism Soil conservation in the mountains Other,Protect soil agains erosion Facilitate water filtration to the ground Natural medicines Provide food for human and animals Controle the earth temperature Provide oxygen Protection against flooding Wind breaker,Yes,Yes,Yes,Yes,Yes,Yes,2000.0,Other Peach,Other,Fishing,September November July Other,pirogue Small mesh net Hook Other
Female,Less than 25,Primary school,Yes,Agriculture,A tree that grows in forest by the sea,Yes,Don't know,Yes,Don't know,Protect the reefs,Yes,Absence of government/no control of mangroves exploitation,Yes,Organize a management committee,Protect soil agains erosion,Yes,Yes,Yes,Yes,Yes,Yes,500.0,Corn Sorgho Yam Banana tree,Soil conservation with living ramp,Fishing,July,Hook
Male,From 35 to 55,None,Yes,Fishing,A tree that produces mangoes,No,,Yes,Don't cut them,Growing environment for crustaceans,No,,No,,Facilitate water filtration to the ground,Yes,Yes,No,Yes,Yes,Yes,,Banana tree Yam Pigeon pea Corn Sorgho,Breed animals after the crops to fertilize the soil,Other,March,pirogue Small mesh net
Male,From 35 to 55,None,Yes,Fishing,A tree that grows in forest by the sea,No,,No,,It contributes to food security (thank to fishing products),Yes,Decrease in the sea level,Yes,Plant more mangroves,Don't know,No,Yes,Yes,Yes,Yes,Yes,500.0,Other Peach,,Fishing,March,pirogue Hook Gun
Male,From 35 to 55,None,Yes,Fishing,Don't know,No,,No,,It contributes to food security (thank to fishing products),Yes,Urbanization of mangrove areas,No,,Natural medicines,No,Yes,Yes,Yes,Yes,Yes,500.0,Corn Sorgho,Put organic fertilizer in the soil,Other,Other,pirogue
Male,From 35 to 55,Primary school,No,Fishing,A tree that grows in forest by the sea,Yes,,Yes,Don't cut them,Prevent flooding,No,,Yes,Plant more mangroves,Controle the earth temperature,Yes,Yes,Yes,Yes,Yes,Yes,1000.0,Corn Sorgho Pigeon pea,Plant trees in the gardens,Fishing,Other,Hook pirogue Small mesh net
Male,Greater than 55,None,Yes,Fishing,A tree that grows in forest by the sea,Yes,,No,,Growing environment for crustaceans,No,,Yes,Plant more mangroves,Wind breaker,Yes,Yes,Yes,Yes,Yes,Yes,250.0,Corn,Plant trees in the gardens,Fishing,March,pirogue Hook Small mesh net
Male,From 25 to 35,Primary school,Yes,Agriculture Other,A tree that grows in forest by the sea,Yes,,No,,Prevent flooding,Yes,Community over-exploitation of mangroves,Yes,,Provide food for human and animals,No,Yes,Yes,Yes,Yes,Yes,150.0,Corn Sorgho Yam Banana tree,Plant trees in the gardens,Fishing,March November,Gun pirogue
Male,Less than 25,High school,No,Fishing,Don't know,No,,No,,Growing environment for crustaceans,Yes,Urbanization of mangrove areas,No,,Facilitate water filtration to the ground,Yes,Yes,Yes,Yes,Yes,Yes,500.0,Corn,Plant trees in the gardens,Fishing,March,Gun Hook pirogue
Male,Less than 25,High school,Yes,Fishing,A tree that grows in forest by the sea,Yes,,Yes,Don't cut them,Growing environment for crustaceans,Yes,Continuous deposition of sediments in mangroves,Yes,Elaborate a plan with community management,Facilitate water filtration to the ground,No,Yes,Yes,Yes,Yes,Yes,,Corn Other Melon,Plant trees in the gardens,Fishing,November,Gun Hook pirogue
Male,Greater than 55,None,No,Agriculture,Don't know,No,,Yes,Don't cut them,Prevent flooding,Yes,Continuous deposition of sediments in mangroves,Yes,Other,Facilitate water filtration to the ground,Yes,Yes,Yes,Yes,Yes,No,200.0,Corn Sorgho,Put organic fertilizer in the soil,Fishing,,Hook pirogue Gun
Male,From 25 to 35,Primary school,Yes,Fishing,A tree that grows in forest by the sea,Yes,,Yes,Don't cut them,Prevent flooding,Yes,Continuous deposition of sediments in mangroves,Yes,Soil conservation in the mountains,Facilitate water filtration to the ground,Yes,Yes,Yes,Yes,Yes,Yes,5000.0,Corn Sorgho,Put organic fertilizer in the soil,Fishing,March,Hook pirogue
,,,,,,,,,,,,,,,,,,,,,,,,,,,
Male,Greater than 55,Primary school,Yes,Agriculture Fishing,A tree that grows in forest by the sea,Yes,Mangroves Decree (2013),Yes,Don't cut them Do not throw garbage in the mangroves,Prevent flooding,Yes,Community over-exploitation of mangroves Absence of government/no control of mangroves exploitation,Yes,Plant more mangroves Organize a management committee Elaborate a plan with community management,Provide oxygen Natural medicines,No,Yes,Yes,Yes,Yes,Yes,2500.0,Pigeon pea Other Melon,Soil conservation with living ramp Breed animals after the crops to fertilize the soil Other,Fishing,,pirogue
Male,From 35 to 55,Primary school,Yes,Charcoal with woods of other trees Agriculture Fishing,A tree that grows in forest by the sea,Yes,Mangroves Decree (2013),Yes,Don't cut them Do not throw garbage in the mangroves,Growing environment for crustaceans,No,,Yes,Plant more mangroves Elaborate a plan with community management,Provide food for human and animals Protection against flooding Provide oxygen,No,Yes,Yes,Yes,Yes,Yes,5000.0,Peanut Pigeon pea Other Bean (Haricot) Sorgho Corn Peach,Burn the soil with the weeds Other,Fishing,,Gun pirogue Other
Male,Greater than 55,None,Yes,Animal breeding Fishing,A tree that grows in forest by the sea,No,,No,,It contributes to food security (thank to fishing products) Prevent flooding,No,,Yes,Elaborate a plan with community management Plant more mangroves Organize a management committee,Provide oxygen Provide food for human and animals Facilitate water filtration to the ground Protection against flooding,Yes,Yes,Yes,Yes,Yes,Yes,10000.0,Banana tree Sorgho Pigeon pea Yam Other Peach,Burn the soil with the weeds Cut off trees in the garden Other,Parking for the boats,,pirogue Hook Other
Male,Greater than 55,Primary school,Yes,Agriculture Charcoal with woods of other trees,A tree that grows in forest by the sea,Yes,Mangroves Decree (2013),Yes,Don't cut them Do not throw garbage in the mangroves,Prevent flooding It contributes to food security (thank to fishing products),Yes,Community over-exploitation of mangroves Absence of government/no control of mangroves exploitation,Yes,Organize a management committee Elaborate a plan with community management Plant more mangroves,Provide food for human and animals Provide oxygen,No,Yes,Yes,Yes,Yes,Yes,5000.0,Corn Sorgho Pigeon pea Yam Banana tree,Other Put organic fertilizer in the soil Burn the soil with the weeds,Parking for the boats,,pirogue Hook
Male,From 25 to 35,Primary school,Yes,Fishing Agriculture,A tree that grows in forest by the sea,Yes,Mangroves Decree (2013),Yes,Don't cut them Do not throw garbage in the mangroves,It contributes to food security (thank to fishing products),Yes,Community over-exploitation of mangroves,Yes,Elaborate a plan with community management Plant more mangroves,Provide oxygen Protection against flooding,No,Yes,Yes,Yes,Yes,Yes,5000.0,Pigeon pea Corn Other Melon,Burn the soil with the weeds Put organic fertilizer in the soil Breed animals after the crops to fertilize the soil Other,Parking for the boats,,Gun Other
Male,From 35 to 55,Primary school,Yes,Agriculture Fishing,A tree that grows in forest by the sea,Yes,Mangroves Decree (2013),Yes,Don't cut them Do not throw garbage in the mangroves,It contributes to food security (thank to fishing products) Prevent flooding Growing environment for crustaceans,Yes,Community over-exploitation of mangroves Absence of government/no control of mangroves exploitation,Yes,Organize a management committee Elaborate a plan with community management,Provide oxygen Protection against flooding,Yes,Yes,Yes,Yes,Yes,Yes,6000.0,Sorgho Corn Pigeon pea Yam,Other Breed animals after the crops to fertilize the soil Soil conservation with living ramp Put organic fertilizer in the soil,Parking for the boats,,pirogue Gun Other
Male,From 35 to 55,Primary school,Yes,Charcoal with woods of other trees Fishing,A tree that grows in forest by the sea,Yes,Mangroves Decree (2013),Yes,Don't cut them Do not throw garbage in the mangroves,It contributes to food security (thank to fishing products) Growing environment for crustaceans,Yes,Community over-exploitation of mangroves Absence of government/no control of mangroves exploitation,Yes,Organize a management committee Elaborate a plan with community management Plant more mangroves,Provide oxygen Provide food for human and animals Protection against flooding,No,Yes,Yes,Yes,Yes,Yes,5000.0,Corn Sorgho Pigeon pea Banana tree,Other,Fishing,,pirogue Hook Gun Other
Male,From 35 to 55,High school,Yes,Fishing Agriculture,A tree that grows in forest by the sea,Yes,Mangroves Decree (2013),Yes,Don't cut them Do not throw garbage in the mangroves,It contributes to food security (thank to fishing products) Growing environment for crustaceans,Yes,Community over-exploitation of mangroves Absence of government/no control of mangroves exploitation,Yes,Elaborate a plan with community management Educate and sensitize the population on how to exploit mangroves Enforce law to protect the mangroves,Protection against flooding Wind breaker Provide oxygen Protect soil agains erosion,Yes,Yes,Yes,Yes,Yes,Yes,5000.0,Pigeon pea Sorgho Corn Banana tree Other Melon,Burn the soil with the weeds Put organic fertilizer in the soil Breed animals after the crops to fertilize the soil Other,Fishing Parking for the boats,,pirogue Hook
Male,From 25 to 35,High school,Yes,Fishing Agriculture,A tree that grows in forest by the sea,Yes,Mangroves Decree (2013),Yes,Don't cut them Do not throw garbage in the mangroves,Growing environment for crustaceans It contributes to food security (thank to fishing products) Birds habitat,Yes,Community over-exploitation of mangroves Absence of government/no control of mangroves exploitation,Yes,Organize a management committee Elaborate a plan with community management,Provide oxygen Other,Yes,Yes,Yes,Yes,Yes,Yes,5000.0,Corn Sorgho Yam,Burn the soil with the weeds Put organic fertilizer in the soil Other Breed animals after the crops to fertilize the soil,Fishing,,Gun Hook Other pirogue
